{
    "Doorway_1": {
        "max": {
            "x": 1.073325276374817,
            "y": 2.1275272369384766,
            "z": 0.07471224665641785
        },
        "min": {
            "x": 0.0,
            "y": 0.0,
            "z": 0.0
        },
        "offset": {
            "x": -0.0013193795457482338,
            "y": -0.0,
            "z": 0.017607979476451874
        }
    },
    "Doorway_10": {
        "max": {
            "x": 1.0379338264465332,
            "y": 2.099614381790161,
            "z": 0.08050087839365005
        },
        "min": {
            "x": 0.0,
            "y": 0.0,
            "z": 0.0
        },
        "offset": {
            "x": -0.001666325144469738,
            "y": -0.001041314098984003,
            "z": 0.020037706941366196
        }
    },
    "Doorway_2": {
        "max": {
            "x": 0.9921578168869019,
            "y": 2.0711607933044434,
            "z": 0.14673855900764465
        },
        "min": {
            "x": 0.0,
            "y": 0.0,
            "z": 0.0
        },
        "offset": {
            "x": -0.0013193795457482338,
            "y": -0.0,
            "z": 0.07428445667028427
        }
    },
    "Doorway_3": {
        "max": {
            "x": 1.019248127937317,
            "y": 2.0793676376342773,
            "z": 0.09529903531074524
        },
        "min": {
            "x": 0.0,
            "y": 0.0,
            "z": 0.0
        },
        "offset": {
            "x": 0.0015052137896418571,
            "y": -0.0,
            "z": 0.04726605862379074
        }
    },
    "Doorway_4": {
        "max": {
            "x": 1.0373786687850952,
            "y": 2.101024627685547,
            "z": 0.07471224665641785
        },
        "min": {
            "x": 0.0,
            "y": 0.0,
            "z": 0.0
        },
        "offset": {
            "x": -0.002151736058294773,
            "y": -0.0,
            "z": 0.017607979476451874
        }
    },
    "Doorway_5": {
        "max": {
            "x": 1.0331121683120728,
            "y": 2.091684103012085,
            "z": 0.10170263797044754
        },
        "min": {
            "x": 0.0,
            "y": 0.0,
            "z": 0.0
        },
        "offset": {
            "x": -0.0013193795457482338,
            "y": -0.0020178677514195442,
            "z": 0.05191173031926155
        }
    },
    "Doorway_6": {
        "max": {
            "x": 1.0362037420272827,
            "y": 2.1045639514923096,
            "z": 0.07615424692630768
        },
        "min": {
            "x": 0.0,
            "y": 0.0,
            "z": 0.0
        },
        "offset": {
            "x": -0.0009746691212058067,
            "y": -0.0,
            "z": 0.03902848809957504
        }
    },
    "Doorway_7": {
        "max": {
            "x": 1.0291427373886108,
            "y": 2.0928807258605957,
            "z": 0.1348206251859665
        },
        "min": {
            "x": 0.0,
            "y": 0.0,
            "z": 0.0
        },
        "offset": {
            "x": -0.0013193795457482338,
            "y": -0.0,
            "z": 0.06823962926864624
        }
    },
    "Doorway_8": {
        "max": {
            "x": 1.048874855041504,
            "y": 2.0978217124938965,
            "z": 0.07765539735555649
        },
        "min": {
            "x": 0.0,
            "y": 0.0,
            "z": 0.0
        },
        "offset": {
            "x": 3.898050636053085e-05,
            "y": -0.0,
            "z": 0.036490656435489655
        }
    },
    "Doorway_9": {
        "max": {
            "x": 0.9989476203918457,
            "y": 2.073584794998169,
            "z": 0.1306290626525879
        },
        "min": {
            "x": 0.0,
            "y": 0.0,
            "z": 0.0
        },
        "offset": {
            "x": 0.0006410358473658562,
            "y": -0.0,
            "z": 0.06510553508996964
        }
    },
    "Doorway_Double_1": {
        "max": {
            "x": 1.9875727891921997,
            "y": 2.128650426864624,
            "z": 0.07471224665641785
        },
        "min": {
            "x": 0.0,
            "y": 0.0,
            "z": 0.0
        },
        "offset": {
            "x": -0.0005322890356183052,
            "y": -0.0,
            "z": 0.017607979476451874
        }
    },
    "Doorway_Double_10": {
        "max": {
            "x": 1.9849867820739746,
            "y": 2.102485418319702,
            "z": 0.07539684325456619
        },
        "min": {
            "x": 0.0,
            "y": 0.0,
            "z": 0.0
        },
        "offset": {
            "x": -0.0007396861910820007,
            "y": -0.0,
            "z": 0.018292579799890518
        }
    },
    "Doorway_Double_2": {
        "max": {
            "x": 1.9080568552017212,
            "y": 2.06907320022583,
            "z": 0.14746803045272827
        },
        "min": {
            "x": 0.0,
            "y": 0.0,
            "z": 0.0
        },
        "offset": {
            "x": -0.0013517113402485847,
            "y": -0.0,
            "z": 0.07298704236745834
        }
    },
    "Doorway_Double_3": {
        "max": {
            "x": 1.9388847351074219,
            "y": 2.082102060317993,
            "z": 0.09994897246360779
        },
        "min": {
            "x": 0.0,
            "y": 0.0,
            "z": 0.0
        },
        "offset": {
            "x": -0.0008942848071455956,
            "y": -0.0,
            "z": 0.0501130186021328
        }
    },
    "Doorway_Double_4": {
        "max": {
            "x": 1.9875727891921997,
            "y": 2.1033332347869873,
            "z": 0.07717052102088928
        },
        "min": {
            "x": 0.0,
            "y": 0.0,
            "z": 0.0
        },
        "offset": {
            "x": -0.0005322890356183052,
            "y": -0.0,
            "z": 0.01837845891714096
        }
    },
    "Doorway_Double_5": {
        "max": {
            "x": 1.9368765354156494,
            "y": 2.094395399093628,
            "z": 0.11173686385154724
        },
        "min": {
            "x": 0.0,
            "y": 0.0,
            "z": 0.0
        },
        "offset": {
            "x": -0.0031945938244462013,
            "y": -0.0,
            "z": 0.0559871569275856
        }
    },
    "Doorway_Double_6": {
        "max": {
            "x": 1.9852685928344727,
            "y": 2.1063766479492188,
            "z": 0.07762844860553741
        },
        "min": {
            "x": 0.0,
            "y": 0.0,
            "z": 0.0
        },
        "offset": {
            "x": -0.0005322890356183052,
            "y": -0.0,
            "z": 0.038551658391952515
        }
    },
    "Doorway_Double_7": {
        "max": {
            "x": 1.9333552122116089,
            "y": 2.0919625759124756,
            "z": 0.13627460598945618
        },
        "min": {
            "x": 0.0,
            "y": 0.0,
            "z": 0.0
        },
        "offset": {
            "x": -0.0005322890356183052,
            "y": -0.0015276880003511906,
            "z": 0.06956841051578522
        }
    },
    "Doorway_Double_8": {
        "max": {
            "x": 1.957129955291748,
            "y": 2.093973398208618,
            "z": 0.09753279387950897
        },
        "min": {
            "x": 0.0,
            "y": 0.0,
            "z": 0.0
        },
        "offset": {
            "x": -0.0018245475366711617,
            "y": -0.0,
            "z": 0.040428534150123596
        }
    },
    "Doorway_Double_9": {
        "max": {
            "x": 1.906808853149414,
            "y": 2.0730843544006348,
            "z": 0.13069811463356018
        },
        "min": {
            "x": 0.0,
            "y": 0.0,
            "z": 0.0
        },
        "offset": {
            "x": 2.6067718863487244e-06,
            "y": -0.0,
            "z": 0.0655703991651535
        }
    },
    "Window_Bay_1": {
        "max": {
            "x": 1.3326681852340698,
            "y": 1.248052954673767,